{"cameraMode":{"drawMode":0,"name":"Shaded","section":"Shading Mode"},"sceneLighting":true,"audioPlay":false,"sceneViewState":{"m_AlwaysRefresh":false,"showFog":true,"showSkybox":true,"showFlares":true,"showImageEffects":true,"showParticleSystems":true,"showVisualEffectGraphs":true,"m_FxEnabled":true},"in2DMode":false,"pivot":{"x":419.3516540527344,"y":8.050729751586914,"z":115.27690887451172},"rotation":{"x":0.02518448792397976,"y":-0.015896830707788469,"z":-0.00040056760190054774,"w":-0.9995561838150024},"size":12.12435531616211,"orthographic":false}